"","uosztály","túélte","nem","kor","háztes","szgy"
"1","1.","túlélte","nõ",29,0,0
"2","1.","túlélte","férfi",0.916700006,1,2
"3","1.","meghalt","nõ",2,1,2
"4","1.","meghalt","férfi",30,1,2
"5","1.","meghalt","nõ",25,1,2
"6","1.","túlélte","férfi",48,0,0
"7","1.","túlélte","nõ",63,1,0
"8","1.","meghalt","férfi",39,0,0
"9","1.","túlélte","nõ",53,2,0
"10","1.","meghalt","férfi",71,0,0
"11","1.","meghalt","férfi",47,1,0
"12","1.","túlélte","nõ",18,1,0
"13","1.","túlélte","nõ",24,0,0
"14","1.","túlélte","nõ",26,0,0
"15","1.","túlélte","férfi",80,0,0
"16","1.","meghalt","férfi",9999,0,0
"17","1.","meghalt","férfi",24,0,1
"18","1.","túlélte","nõ",50,0,1
"19","1.","túlélte","nõ",32,0,0
"20","1.","meghalt","férfi",36,0,0
"21","1.","túlélte","férfi",37,1,1
"22","1.","túlélte","nõ",47,1,1
"23","1.","túlélte","férfi",26,0,0
"24","1.","túlélte","nõ",42,0,0
"25","1.","túlélte","nõ",29,0,0
"26","1.","meghalt","férfi",25,0,0
"27","1.","túlélte","férfi",25,1,0
"28","1.","túlélte","nõ",19,1,0
"29","1.","túlélte","nõ",35,0,0
"30","1.","túlélte","férfi",28,0,0
"31","1.","meghalt","férfi",45,0,0
"32","1.","túlélte","férfi",40,0,0
"33","1.","túlélte","nõ",30,0,0
"34","1.","túlélte","nõ",58,0,0
"35","1.","meghalt","férfi",42,0,0
"36","1.","túlélte","nõ",45,0,0
"37","1.","túlélte","nõ",22,0,1
"38","1.","túlélte","férfi",9999,0,0
"39","1.","meghalt","férfi",41,0,0
"40","1.","meghalt","férfi",48,0,0
"41","1.","meghalt","férfi",9999,0,0
"42","1.","túlélte","nõ",44,0,0
"43","1.","túlélte","nõ",59,2,0
"44","1.","túlélte","nõ",60,0,0
"45","1.","túlélte","nõ",41,0,0
"46","1.","meghalt","férfi",45,0,0
"47","1.","meghalt","férfi",9999,0,0
"48","1.","túlélte","férfi",42,0,0
"49","1.","túlélte","nõ",53,0,0
"50","1.","túlélte","férfi",36,0,1
"51","1.","túlélte","nõ",58,0,1
"52","1.","meghalt","férfi",33,0,0
"53","1.","meghalt","férfi",28,0,0
"54","1.","meghalt","férfi",17,0,0
"55","1.","túlélte","férfi",11,1,2
"56","1.","túlélte","nõ",14,1,2
"57","1.","túlélte","férfi",36,1,2
"58","1.","túlélte","nõ",36,1,2
"59","1.","meghalt","férfi",49,0,0
"60","1.","túlélte","nõ",9999,0,0
"61","1.","meghalt","férfi",36,1,0
"62","1.","túlélte","nõ",76,1,0
"63","1.","meghalt","férfi",46,1,0
"64","1.","túlélte","nõ",47,1,0
"65","1.","túlélte","férfi",27,1,0
"66","1.","túlélte","nõ",33,1,0
"67","1.","túlélte","nõ",36,0,0
"68","1.","túlélte","nõ",30,0,0
"69","1.","túlélte","férfi",45,0,0
"70","1.","túlélte","nõ",9999,0,1
"71","1.","meghalt","férfi",9999,0,0
"72","1.","meghalt","férfi",27,1,0
"73","1.","túlélte","nõ",26,1,0
"74","1.","túlélte","nõ",22,0,0
"75","1.","meghalt","férfi",9999,0,0
"76","1.","meghalt","férfi",47,0,0
"77","1.","túlélte","nõ",39,1,1
"78","1.","meghalt","férfi",37,1,1
"79","1.","túlélte","nõ",64,0,2
"80","1.","túlélte","nõ",55,2,0
"81","1.","meghalt","férfi",9999,0,0
"82","1.","meghalt","férfi",70,1,1
"83","1.","túlélte","nõ",36,0,2
"84","1.","túlélte","nõ",64,1,1
"85","1.","meghalt","férfi",39,1,0
"86","1.","túlélte","nõ",38,1,0
"87","1.","túlélte","férfi",51,0,0
"88","1.","túlélte","férfi",27,0,0
"89","1.","túlélte","nõ",33,0,0
"90","1.","meghalt","férfi",31,1,0
"91","1.","túlélte","nõ",27,1,2
"92","1.","túlélte","férfi",31,1,0
"93","1.","túlélte","nõ",17,1,0
"94","1.","túlélte","férfi",53,1,1
"95","1.","túlélte","férfi",4,0,2
"96","1.","túlélte","nõ",54,1,1
"97","1.","meghalt","férfi",50,1,0
"98","1.","túlélte","nõ",27,1,1
"99","1.","túlélte","nõ",48,1,0
"100","1.","túlélte","nõ",48,1,0
"101","1.","túlélte","férfi",49,1,0
"102","1.","meghalt","férfi",39,0,0
"103","1.","túlélte","nõ",23,0,1
"104","1.","túlélte","nõ",38,0,0
"105","1.","túlélte","nõ",54,1,0
"106","1.","meghalt","nõ",36,0,0
"107","1.","meghalt","férfi",9999,0,0
"108","1.","túlélte","nõ",9999,0,0
"109","1.","túlélte","nõ",9999,0,0
"110","1.","túlélte","férfi",36,0,0
"111","1.","meghalt","férfi",30,0,0
"112","1.","túlélte","nõ",24,3,2
"113","1.","túlélte","nõ",28,3,2
"114","1.","túlélte","nõ",23,3,2
"115","1.","meghalt","férfi",19,3,2
"116","1.","meghalt","férfi",64,1,4
"117","1.","túlélte","nõ",60,1,4
"118","1.","túlélte","nõ",30,0,0
"119","1.","meghalt","férfi",9999,0,0
"120","1.","túlélte","férfi",50,2,0
"121","1.","túlélte","férfi",43,1,0
"122","1.","túlélte","nõ",9999,1,0
"123","1.","túlélte","nõ",22,0,2
"124","1.","túlélte","férfi",60,1,1
"125","1.","túlélte","nõ",48,1,1
"126","1.","meghalt","férfi",9999,0,0
"127","1.","meghalt","férfi",37,1,0
"128","1.","túlélte","nõ",35,1,0
"129","1.","meghalt","férfi",47,0,0
"130","1.","túlélte","nõ",35,0,0
"131","1.","túlélte","nõ",22,0,1
"132","1.","túlélte","nõ",45,0,1
"133","1.","meghalt","férfi",24,0,0
"134","1.","túlélte","férfi",49,1,0
"135","1.","túlélte","nõ",9999,1,0
"136","1.","meghalt","férfi",71,0,0
"137","1.","túlélte","férfi",53,0,0
"138","1.","túlélte","nõ",19,0,0
"139","1.","meghalt","férfi",38,0,1
"140","1.","túlélte","nõ",58,0,1
"141","1.","túlélte","férfi",23,0,1
"142","1.","túlélte","nõ",45,0,1
"143","1.","meghalt","férfi",46,0,0
"144","1.","túlélte","férfi",25,1,0
"145","1.","túlélte","nõ",25,1,0
"146","1.","túlélte","férfi",48,1,0
"147","1.","túlélte","nõ",49,1,0
"148","1.","meghalt","férfi",9999,0,0
"149","1.","meghalt","férfi",45,1,0
"150","1.","túlélte","nõ",35,1,0
"151","1.","meghalt","férfi",40,0,0
"152","1.","túlélte","férfi",27,0,0
"153","1.","túlélte","férfi",9999,0,0
"154","1.","túlélte","nõ",24,0,0
"155","1.","meghalt","férfi",55,1,1
"156","1.","túlélte","nõ",52,1,1
"157","1.","meghalt","férfi",42,0,0
"158","1.","meghalt","férfi",9999,0,0
"159","1.","meghalt","férfi",55,0,0
"160","1.","túlélte","nõ",16,0,1
"161","1.","túlélte","nõ",44,0,1
"162","1.","túlélte","nõ",51,1,0
"163","1.","meghalt","férfi",42,1,0
"164","1.","túlélte","nõ",35,1,0
"165","1.","túlélte","férfi",35,0,0
"166","1.","túlélte","férfi",38,1,0
"167","1.","meghalt","férfi",9999,0,0
"168","1.","túlélte","nõ",35,1,0
"169","1.","túlélte","nõ",38,0,0
"170","1.","meghalt","nõ",50,0,0
"171","1.","túlélte","férfi",49,0,0
"172","1.","meghalt","férfi",46,0,0
"173","1.","meghalt","férfi",50,0,0
"174","1.","meghalt","férfi",32.5,0,0
"175","1.","meghalt","férfi",58,0,0
"176","1.","meghalt","férfi",41,1,0
"177","1.","túlélte","nõ",9999,1,0
"178","1.","túlélte","férfi",42,1,0
"179","1.","túlélte","nõ",45,1,0
"180","1.","meghalt","férfi",9999,0,0
"181","1.","túlélte","nõ",39,0,0
"182","1.","túlélte","nõ",49,0,0
"183","1.","túlélte","nõ",30,0,0
"184","1.","túlélte","férfi",35,0,0
"185","1.","meghalt","férfi",9999,0,0
"186","1.","meghalt","férfi",42,0,0
"187","1.","túlélte","nõ",55,0,0
"188","1.","túlélte","nõ",16,0,1
"189","1.","túlélte","nõ",51,0,1
"190","1.","meghalt","férfi",29,0,0
"191","1.","túlélte","nõ",21,0,0
"192","1.","meghalt","férfi",30,0,0
"193","1.","túlélte","nõ",58,0,0
"194","1.","túlélte","nõ",15,0,1
"195","1.","meghalt","férfi",30,0,0
"196","1.","túlélte","nõ",16,0,0
"197","1.","túlélte","férfi",9999,0,0
"198","1.","meghalt","férfi",19,1,0
"199","1.","túlélte","nõ",18,1,0
"200","1.","túlélte","nõ",24,0,0
"201","1.","meghalt","férfi",46,0,0
"202","1.","meghalt","férfi",54,0,0
"203","1.","túlélte","férfi",36,0,0
"204","1.","meghalt","férfi",28,1,0
"205","1.","túlélte","nõ",9999,1,0
"206","1.","meghalt","férfi",65,0,0
"207","1.","meghalt","férfi",44,2,0
"208","1.","túlélte","nõ",33,1,0
"209","1.","túlélte","nõ",37,1,0
"210","1.","túlélte","férfi",30,1,0
"211","1.","meghalt","férfi",55,0,0
"212","1.","meghalt","férfi",47,0,0
"213","1.","meghalt","férfi",37,0,1
"214","1.","túlélte","nõ",31,1,0
"215","1.","túlélte","nõ",23,1,0
"216","1.","meghalt","férfi",58,0,2
"217","1.","túlélte","nõ",19,0,2
"218","1.","meghalt","férfi",64,0,0
"219","1.","túlélte","nõ",39,0,0
"220","1.","túlélte","férfi",9999,0,0
"221","1.","túlélte","nõ",22,0,1
"222","1.","meghalt","férfi",65,0,1
"223","1.","meghalt","férfi",28.5,0,0
"224","1.","meghalt","férfi",9999,0,0
"225","1.","meghalt","férfi",45.5,0,0
"226","1.","meghalt","férfi",23,0,0
"227","1.","meghalt","férfi",29,1,0
"228","1.","túlélte","nõ",22,1,0
"229","1.","meghalt","férfi",18,1,0
"230","1.","túlélte","nõ",17,1,0
"231","1.","túlélte","nõ",30,0,0
"232","1.","túlélte","férfi",52,0,0
"233","1.","meghalt","férfi",47,0,0
"234","1.","túlélte","nõ",56,0,1
"235","1.","meghalt","férfi",38,0,0
"236","1.","túlélte","férfi",9999,0,0
"237","1.","meghalt","férfi",22,0,0
"238","1.","meghalt","férfi",9999,0,0
"239","1.","túlélte","nõ",43,0,1
"240","1.","meghalt","férfi",31,0,0
"241","1.","túlélte","férfi",45,0,0
"242","1.","meghalt","férfi",9999,0,0
"243","1.","túlélte","nõ",33,0,0
"244","1.","meghalt","férfi",46,0,0
"245","1.","meghalt","férfi",36,0,0
"246","1.","túlélte","nõ",33,0,0
"247","1.","meghalt","férfi",55,1,0
"248","1.","túlélte","nõ",54,1,0
"249","1.","meghalt","férfi",33,0,0
"250","1.","túlélte","férfi",13,2,2
"251","1.","túlélte","nõ",18,2,2
"252","1.","túlélte","nõ",21,2,2
"253","1.","meghalt","férfi",61,1,3
"254","1.","túlélte","nõ",48,1,3
"255","1.","túlélte","férfi",9999,0,0
"256","1.","túlélte","nõ",24,0,0
"257","1.","túlélte","férfi",9999,0,0
"258","1.","túlélte","nõ",35,1,0
"259","1.","túlélte","nõ",30,0,0
"260","1.","túlélte","férfi",34,0,0
"261","1.","túlélte","nõ",40,0,0
"262","1.","túlélte","férfi",35,0,0
"263","1.","meghalt","férfi",50,1,0
"264","1.","túlélte","nõ",39,1,0
"265","1.","túlélte","férfi",56,0,0
"266","1.","túlélte","férfi",28,0,0
"267","1.","meghalt","férfi",56,0,0
"268","1.","meghalt","férfi",56,0,0
"269","1.","meghalt","férfi",24,1,0
"270","1.","meghalt","férfi",9999,0,0
"271","1.","túlélte","nõ",18,1,0
"272","1.","túlélte","férfi",24,1,0
"273","1.","túlélte","nõ",23,1,0
"274","1.","túlélte","férfi",6,0,2
"275","1.","túlélte","férfi",45,1,1
"276","1.","túlélte","nõ",40,1,1
"277","1.","meghalt","férfi",57,1,0
"278","1.","túlélte","nõ",9999,1,0
"279","1.","túlélte","férfi",32,0,0
"280","1.","meghalt","férfi",62,0,0
"281","1.","túlélte","férfi",54,1,0
"282","1.","túlélte","nõ",43,1,0
"283","1.","túlélte","nõ",52,1,0
"284","1.","meghalt","férfi",9999,0,0
"285","1.","túlélte","nõ",62,0,0
"286","1.","meghalt","férfi",67,1,0
"287","1.","meghalt","nõ",63,1,0
"288","1.","meghalt","férfi",61,0,0
"289","1.","túlélte","nõ",48,0,0
"290","1.","túlélte","nõ",18,0,2
"291","1.","meghalt","férfi",52,1,1
"292","1.","túlélte","nõ",39,1,1
"293","1.","túlélte","férfi",48,1,0
"294","1.","túlélte","nõ",9999,1,0
"295","1.","meghalt","férfi",49,1,1
"296","1.","túlélte","férfi",17,0,2
"297","1.","túlélte","nõ",39,1,1
"298","1.","túlélte","nõ",9999,0,0
"299","1.","túlélte","férfi",31,0,0
"300","1.","meghalt","férfi",40,0,0
"301","1.","meghalt","férfi",61,0,0
"302","1.","meghalt","férfi",47,0,0
"303","1.","túlélte","nõ",35,0,0
"304","1.","meghalt","férfi",64,1,0
"305","1.","túlélte","nõ",60,1,0
"306","1.","meghalt","férfi",60,0,0
"307","1.","meghalt","férfi",54,0,1
"308","1.","meghalt","férfi",21,0,1
"309","1.","túlélte","nõ",55,0,0
"310","1.","túlélte","nõ",31,0,2
"311","1.","meghalt","férfi",57,1,1
"312","1.","túlélte","nõ",45,1,1
"313","1.","meghalt","férfi",50,1,1
"314","1.","meghalt","férfi",27,0,2
"315","1.","túlélte","nõ",50,1,1
"316","1.","túlélte","nõ",21,0,0
"317","1.","meghalt","férfi",51,0,1
"318","1.","túlélte","férfi",21,0,1
"319","1.","meghalt","férfi",9999,0,0
"320","1.","túlélte","nõ",31,0,0
"321","1.","túlélte","férfi",9999,0,0
"322","1.","meghalt","férfi",62,0,0
"323","1.","túlélte","nõ",36,0,0
"324","2.","meghalt","férfi",30,1,0
"325","2.","túlélte","nõ",28,1,0
"326","2.","meghalt","férfi",30,0,0
"327","2.","meghalt","férfi",18,0,0
"328","2.","meghalt","férfi",25,0,0
"329","2.","meghalt","férfi",34,1,0
"330","2.","túlélte","nõ",36,1,0
"331","2.","meghalt","férfi",57,0,0
"332","2.","meghalt","férfi",18,0,0
"333","2.","meghalt","férfi",23,0,0
"334","2.","túlélte","nõ",36,0,0
"335","2.","meghalt","férfi",28,0,0
"336","2.","meghalt","férfi",51,0,0
"337","2.","túlélte","férfi",32,1,0
"338","2.","túlélte","nõ",19,1,0
"339","2.","meghalt","férfi",28,0,0
"340","2.","túlélte","férfi",1,2,1
"341","2.","túlélte","nõ",4,2,1
"342","2.","túlélte","nõ",12,2,1
"343","2.","túlélte","nõ",36,0,3
"344","2.","túlélte","férfi",34,0,0
"345","2.","túlélte","nõ",19,0,0
"346","2.","meghalt","férfi",23,0,0
"347","2.","meghalt","férfi",26,0,0
"348","2.","meghalt","férfi",42,0,0
"349","2.","meghalt","férfi",27,0,0
"350","2.","túlélte","nõ",24,0,0
"351","2.","túlélte","nõ",15,0,2
"352","2.","meghalt","férfi",60,1,1
"353","2.","túlélte","nõ",40,1,1
"354","2.","túlélte","nõ",20,1,0
"355","2.","meghalt","férfi",25,1,0
"356","2.","túlélte","nõ",36,0,0
"357","2.","meghalt","férfi",25,0,0
"358","2.","meghalt","férfi",42,0,0
"359","2.","túlélte","nõ",42,0,0
"360","2.","túlélte","férfi",0.833299994,0,2
"361","2.","túlélte","férfi",26,1,1
"362","2.","túlélte","nõ",22,1,1
"363","2.","túlélte","nõ",35,0,0
"364","2.","meghalt","férfi",9999,0,0
"365","2.","meghalt","férfi",19,0,0
"366","2.","meghalt","nõ",44,1,0
"367","2.","meghalt","férfi",54,1,0
"368","2.","meghalt","férfi",52,0,0
"369","2.","meghalt","férfi",37,1,0
"370","2.","meghalt","nõ",29,1,0
"371","2.","túlélte","nõ",25,1,1
"372","2.","túlélte","nõ",45,0,2
"373","2.","meghalt","férfi",29,1,0
"374","2.","túlélte","nõ",28,1,0
"375","2.","meghalt","férfi",29,0,0
"376","2.","meghalt","férfi",28,0,0
"377","2.","túlélte","férfi",24,0,0
"378","2.","túlélte","nõ",8,0,2
"379","2.","meghalt","férfi",31,1,1
"380","2.","túlélte","nõ",31,1,1
"381","2.","túlélte","nõ",22,0,0
"382","2.","meghalt","nõ",30,0,0
"383","2.","meghalt","nõ",9999,0,0
"384","2.","meghalt","férfi",21,0,0
"385","2.","meghalt","férfi",9999,0,0
"386","2.","túlélte","férfi",8,1,1
"387","2.","meghalt","férfi",18,0,0
"388","2.","túlélte","nõ",48,0,2
"389","2.","túlélte","nõ",28,0,0
"390","2.","meghalt","férfi",32,0,0
"391","2.","meghalt","férfi",17,0,0
"392","2.","meghalt","férfi",29,1,0
"393","2.","túlélte","nõ",24,1,0
"394","2.","meghalt","férfi",25,0,0
"395","2.","meghalt","férfi",18,0,0
"396","2.","túlélte","nõ",18,0,1
"397","2.","túlélte","nõ",34,0,1
"398","2.","meghalt","férfi",54,0,0
"399","2.","túlélte","férfi",8,0,2
"400","2.","meghalt","férfi",42,1,1
"401","2.","túlélte","nõ",34,1,1
"402","2.","túlélte","nõ",27,1,0
"403","2.","túlélte","nõ",30,1,0
"404","2.","meghalt","férfi",23,0,0
"405","2.","meghalt","férfi",21,0,0
"406","2.","meghalt","férfi",18,0,0
"407","2.","meghalt","férfi",40,1,0
"408","2.","túlélte","nõ",29,1,0
"409","2.","meghalt","férfi",18,0,0
"410","2.","meghalt","férfi",36,0,0
"411","2.","meghalt","férfi",9999,0,0
"412","2.","meghalt","nõ",38,0,0
"413","2.","meghalt","férfi",35,0,0
"414","2.","meghalt","férfi",38,1,0
"415","2.","meghalt","férfi",34,1,0
"416","2.","túlélte","nõ",34,0,0
"417","2.","meghalt","férfi",16,0,0
"418","2.","meghalt","férfi",26,0,0
"419","2.","meghalt","férfi",47,0,0
"420","2.","meghalt","férfi",21,1,0
"421","2.","meghalt","férfi",21,1,0
"422","2.","meghalt","férfi",24,0,0
"423","2.","meghalt","férfi",24,0,0
"424","2.","meghalt","férfi",34,0,0
"425","2.","meghalt","férfi",30,0,0
"426","2.","meghalt","férfi",52,0,0
"427","2.","meghalt","férfi",30,0,0
"428","2.","túlélte","férfi",0.666700006,1,1
"429","2.","túlélte","nõ",24,0,2
"430","2.","meghalt","férfi",44,0,0
"431","2.","túlélte","nõ",6,0,1
"432","2.","meghalt","férfi",28,0,1
"433","2.","túlélte","férfi",62,0,0
"434","2.","meghalt","férfi",30,0,0
"435","2.","túlélte","nõ",7,0,2
"436","2.","meghalt","férfi",43,1,1
"437","2.","túlélte","nõ",45,1,1
"438","2.","túlélte","nõ",24,1,2
"439","2.","túlélte","nõ",24,1,2
"440","2.","meghalt","férfi",49,1,2
"441","2.","túlélte","nõ",48,1,2
"442","2.","túlélte","nõ",55,0,0
"443","2.","meghalt","férfi",24,2,0
"444","2.","meghalt","férfi",32,2,0
"445","2.","meghalt","férfi",21,2,0
"446","2.","meghalt","nõ",18,1,1
"447","2.","túlélte","nõ",20,2,1
"448","2.","meghalt","férfi",23,2,1
"449","2.","meghalt","férfi",36,0,0
"450","2.","túlélte","nõ",54,1,3
"451","2.","meghalt","férfi",50,0,0
"452","2.","meghalt","férfi",44,1,0
"453","2.","túlélte","nõ",29,1,0
"454","2.","meghalt","férfi",21,0,0
"455","2.","túlélte","férfi",42,0,0
"456","2.","meghalt","férfi",63,1,0
"457","2.","meghalt","nõ",60,1,0
"458","2.","meghalt","férfi",33,0,0
"459","2.","túlélte","nõ",17,0,0
"460","2.","meghalt","férfi",42,1,0
"461","2.","túlélte","nõ",24,2,1
"462","2.","meghalt","férfi",47,0,0
"463","2.","meghalt","férfi",24,2,0
"464","2.","meghalt","férfi",22,2,0
"465","2.","meghalt","férfi",32,0,0
"466","2.","túlélte","nõ",23,0,0
"467","2.","meghalt","férfi",34,1,0
"468","2.","túlélte","nõ",24,1,0
"469","2.","meghalt","nõ",22,0,0
"470","2.","túlélte","nõ",9999,0,0
"471","2.","meghalt","férfi",35,0,0
"472","2.","túlélte","nõ",45,0,0
"473","2.","meghalt","férfi",57,0,0
"474","2.","meghalt","férfi",9999,0,0
"475","2.","meghalt","férfi",31,0,0
"476","2.","meghalt","nõ",26,1,1
"477","2.","meghalt","férfi",30,1,1
"478","2.","meghalt","férfi",9999,0,0
"479","2.","túlélte","nõ",1,1,2
"480","2.","túlélte","nõ",3,1,2
"481","2.","meghalt","férfi",25,1,2
"482","2.","túlélte","nõ",22,1,2
"483","2.","túlélte","nõ",17,0,0
"484","2.","túlélte","nõ",9999,0,0
"485","2.","túlélte","nõ",34,0,0
"486","2.","meghalt","férfi",36,0,0
"487","2.","meghalt","férfi",24,0,0
"488","2.","meghalt","férfi",61,0,0
"489","2.","meghalt","férfi",50,1,0
"490","2.","túlélte","nõ",42,1,0
"491","2.","meghalt","nõ",57,0,0
"492","2.","meghalt","férfi",9999,0,0
"493","2.","túlélte","férfi",1,0,2
"494","2.","meghalt","férfi",31,1,1
"495","2.","túlélte","nõ",24,1,1
"496","2.","meghalt","férfi",9999,0,0
"497","2.","meghalt","férfi",30,0,0
"498","2.","meghalt","férfi",40,0,0
"499","2.","meghalt","férfi",32,0,0
"500","2.","meghalt","férfi",30,0,0
"501","2.","meghalt","férfi",46,0,0
"502","2.","túlélte","nõ",13,0,1
"503","2.","túlélte","nõ",41,0,1
"504","2.","túlélte","férfi",19,0,0
"505","2.","meghalt","férfi",39,0,0
"506","2.","meghalt","férfi",48,0,0
"507","2.","meghalt","férfi",70,0,0
"508","2.","meghalt","férfi",27,0,0
"509","2.","meghalt","férfi",54,0,0
"510","2.","meghalt","férfi",39,0,0
"511","2.","meghalt","férfi",16,0,0
"512","2.","meghalt","férfi",62,0,0
"513","2.","meghalt","férfi",32.5,1,0
"514","2.","túlélte","nõ",14,1,0
"515","2.","túlélte","férfi",2,1,1
"516","2.","túlélte","férfi",3,1,1
"517","2.","meghalt","férfi",36.5,0,2
"518","2.","meghalt","férfi",26,0,0
"519","2.","meghalt","férfi",19,1,1
"520","2.","meghalt","férfi",28,0,0
"521","2.","túlélte","férfi",20,0,0
"522","2.","túlélte","nõ",29,0,0
"523","2.","meghalt","férfi",39,0,0
"524","2.","túlélte","férfi",22,0,0
"525","2.","túlélte","férfi",9999,0,0
"526","2.","meghalt","férfi",23,0,0
"527","2.","túlélte","férfi",29,0,0
"528","2.","meghalt","férfi",28,0,0
"529","2.","meghalt","férfi",9999,0,0
"530","2.","túlélte","nõ",50,0,1
"531","2.","meghalt","férfi",19,0,0
"532","2.","meghalt","férfi",9999,0,0
"533","2.","meghalt","férfi",41,0,0
"534","2.","túlélte","nõ",21,0,1
"535","2.","túlélte","nõ",19,0,0
"536","2.","meghalt","férfi",43,0,1
"537","2.","túlélte","nõ",32,0,0
"538","2.","meghalt","férfi",34,0,0
"539","2.","túlélte","férfi",30,0,0
"540","2.","meghalt","férfi",27,0,0
"541","2.","túlélte","nõ",2,1,1
"542","2.","túlélte","nõ",8,1,1
"543","2.","túlélte","nõ",33,0,2
"544","2.","meghalt","férfi",36,0,0
"545","2.","meghalt","férfi",34,1,0
"546","2.","túlélte","nõ",30,3,0
"547","2.","túlélte","nõ",28,0,0
"548","2.","meghalt","férfi",23,0,0
"549","2.","túlélte","férfi",0.833299994,1,1
"550","2.","túlélte","férfi",3,1,1
"551","2.","túlélte","nõ",24,2,3
"552","2.","túlélte","nõ",50,0,0
"553","2.","meghalt","férfi",19,0,0
"554","2.","túlélte","nõ",21,0,0
"555","2.","meghalt","férfi",26,0,0
"556","2.","meghalt","férfi",25,0,0
"557","2.","meghalt","férfi",27,0,0
"558","2.","túlélte","nõ",25,0,1
"559","2.","túlélte","nõ",18,0,2
"560","2.","túlélte","nõ",20,0,0
"561","2.","túlélte","nõ",30,0,0
"562","2.","meghalt","férfi",59,0,0
"563","2.","túlélte","nõ",30,0,0
"564","2.","meghalt","férfi",35,0,0
"565","2.","túlélte","nõ",40,0,0
"566","2.","meghalt","férfi",25,0,0
"567","2.","meghalt","férfi",41,0,0
"568","2.","meghalt","férfi",25,0,0
"569","2.","meghalt","férfi",18.5,0,0
"570","2.","meghalt","férfi",14,0,0
"571","2.","túlélte","nõ",50,0,0
"572","2.","meghalt","férfi",23,0,0
"573","2.","túlélte","nõ",28,0,0
"574","2.","túlélte","nõ",27,0,0
"575","2.","meghalt","férfi",29,1,0
"576","2.","meghalt","nõ",27,1,0
"577","2.","meghalt","férfi",40,0,0
"578","2.","túlélte","nõ",31,0,0
"579","2.","meghalt","férfi",30,1,0
"580","2.","meghalt","férfi",23,1,0
"581","2.","túlélte","nõ",31,0,0
"582","2.","meghalt","férfi",9999,0,0
"583","2.","túlélte","nõ",12,0,0
"584","2.","túlélte","nõ",40,0,0
"585","2.","túlélte","nõ",32.5,0,0
"586","2.","meghalt","férfi",27,1,0
"587","2.","túlélte","nõ",29,1,0
"588","2.","túlélte","férfi",2,1,1
"589","2.","túlélte","nõ",4,1,1
"590","2.","túlélte","nõ",29,0,2
"591","2.","túlélte","nõ",0.916700006,1,2
"592","2.","túlélte","nõ",5,1,2
"593","2.","meghalt","férfi",36,1,2
"594","2.","túlélte","nõ",33,1,2
"595","2.","meghalt","férfi",66,0,0
"596","2.","meghalt","férfi",9999,0,0
"597","2.","túlélte","férfi",31,0,0
"598","2.","túlélte","férfi",9999,0,0
"599","2.","túlélte","nõ",26,0,0
"600","2.","meghalt","nõ",24,0,0
"601","3.","meghalt","férfi",42,0,0
"602","3.","meghalt","férfi",13,0,2
"603","3.","meghalt","férfi",16,1,1
"604","3.","túlélte","nõ",35,1,1
"605","3.","túlélte","nõ",16,0,0
"606","3.","túlélte","férfi",25,0,0
"607","3.","túlélte","férfi",20,0,0
"608","3.","túlélte","nõ",18,0,0
"609","3.","meghalt","férfi",30,0,0
"610","3.","meghalt","férfi",26,0,0
"611","3.","meghalt","nõ",40,1,0
"612","3.","túlélte","férfi",0.833299994,0,1
"613","3.","túlélte","nõ",18,0,1
"614","3.","túlélte","férfi",26,0,0
"615","3.","meghalt","férfi",26,0,0
"616","3.","meghalt","férfi",20,0,0
"617","3.","meghalt","férfi",24,0,0
"618","3.","meghalt","férfi",25,0,0
"619","3.","meghalt","férfi",35,0,0
"620","3.","meghalt","férfi",18,0,0
"621","3.","meghalt","férfi",32,0,0
"622","3.","túlélte","nõ",19,1,0
"623","3.","meghalt","férfi",4,4,2
"624","3.","meghalt","nõ",6,4,2
"625","3.","meghalt","nõ",2,4,2
"626","3.","túlélte","nõ",17,4,2
"627","3.","meghalt","nõ",38,4,2
"628","3.","meghalt","nõ",9,4,2
"629","3.","meghalt","nõ",11,4,2
"630","3.","meghalt","férfi",39,1,5
"631","3.","túlélte","férfi",27,0,0
"632","3.","meghalt","férfi",26,0,0
"633","3.","meghalt","nõ",39,1,5
"634","3.","meghalt","férfi",20,0,0
"635","3.","meghalt","férfi",26,0,0
"636","3.","meghalt","férfi",25,1,0
"637","3.","meghalt","nõ",18,1,0
"638","3.","meghalt","férfi",24,0,0
"639","3.","meghalt","férfi",35,0,0
"640","3.","meghalt","férfi",5,4,2
"641","3.","meghalt","férfi",9,4,2
"642","3.","túlélte","férfi",3,4,2
"643","3.","meghalt","férfi",13,4,2
"644","3.","túlélte","nõ",5,4,2
"645","3.","meghalt","férfi",40,1,5
"646","3.","túlélte","férfi",23,0,0
"647","3.","túlélte","nõ",38,1,5
"648","3.","túlélte","nõ",45,0,0
"649","3.","meghalt","férfi",21,0,0
"650","3.","meghalt","férfi",23,0,0
"651","3.","meghalt","nõ",17,0,0
"652","3.","meghalt","férfi",30,0,0
"653","3.","meghalt","férfi",23,0,0
"654","3.","túlélte","nõ",13,0,0
"655","3.","meghalt","férfi",20,0,0
"656","3.","meghalt","férfi",32,1,0
"657","3.","túlélte","nõ",33,3,0
"658","3.","túlélte","nõ",0.75,2,1
"659","3.","túlélte","nõ",0.75,2,1
"660","3.","túlélte","nõ",5,2,1
"661","3.","túlélte","nõ",24,0,3
"662","3.","túlélte","nõ",18,0,0
"663","3.","meghalt","férfi",40,0,0
"664","3.","meghalt","férfi",26,0,0
"665","3.","túlélte","férfi",20,0,0
"666","3.","meghalt","nõ",18,0,1
"667","3.","meghalt","nõ",45,0,1
"668","3.","meghalt","nõ",27,0,0
"669","3.","meghalt","férfi",22,0,0
"670","3.","meghalt","férfi",19,0,0
"671","3.","meghalt","férfi",26,0,0
"672","3.","meghalt","férfi",22,0,0
"673","3.","meghalt","férfi",9999,0,0
"674","3.","meghalt","férfi",20,0,0
"675","3.","túlélte","férfi",32,0,0
"676","3.","meghalt","férfi",21,0,0
"677","3.","meghalt","férfi",18,0,0
"678","3.","meghalt","férfi",26,0,0
"679","3.","meghalt","férfi",6,1,1
"680","3.","meghalt","nõ",9,1,1
"681","3.","meghalt","férfi",9999,0,0
"682","3.","meghalt","nõ",9999,0,2
"683","3.","meghalt","nõ",9999,0,2
"684","3.","meghalt","férfi",40,1,1
"685","3.","meghalt","nõ",32,1,1
"686","3.","meghalt","férfi",21,0,0
"687","3.","túlélte","nõ",22,0,0
"688","3.","meghalt","nõ",20,0,0
"689","3.","meghalt","férfi",29,1,0
"690","3.","meghalt","férfi",22,1,0
"691","3.","meghalt","férfi",22,0,0
"692","3.","meghalt","férfi",35,0,0
"693","3.","meghalt","nõ",18.5,0,0
"694","3.","túlélte","férfi",21,0,0
"695","3.","meghalt","férfi",19,0,0
"696","3.","meghalt","nõ",18,0,0
"697","3.","meghalt","nõ",21,0,0
"698","3.","meghalt","nõ",30,0,0
"699","3.","meghalt","férfi",18,0,0
"700","3.","meghalt","férfi",38,0,0
"701","3.","meghalt","férfi",17,0,0
"702","3.","meghalt","férfi",17,0,0
"703","3.","meghalt","nõ",21,0,0
"704","3.","meghalt","férfi",21,0,0
"705","3.","meghalt","férfi",21,0,0
"706","3.","meghalt","férfi",9999,1,0
"707","3.","meghalt","nõ",9999,1,0
"708","3.","meghalt","férfi",28,0,0
"709","3.","meghalt","férfi",24,0,0
"710","3.","túlélte","nõ",16,0,0
"711","3.","meghalt","nõ",37,0,0
"712","3.","meghalt","férfi",28,0,0
"713","3.","meghalt","férfi",24,0,0
"714","3.","meghalt","férfi",21,0,0
"715","3.","túlélte","férfi",32,0,0
"716","3.","meghalt","férfi",29,0,0
"717","3.","meghalt","férfi",26,1,0
"718","3.","meghalt","férfi",18,1,0
"719","3.","meghalt","férfi",20,0,0
"720","3.","túlélte","férfi",18,0,0
"721","3.","meghalt","férfi",24,0,0
"722","3.","meghalt","férfi",36,0,0
"723","3.","meghalt","férfi",24,0,0
"724","3.","meghalt","férfi",31,0,0
"725","3.","meghalt","férfi",31,0,0
"726","3.","túlélte","nõ",22,0,0
"727","3.","meghalt","nõ",30,0,0
"728","3.","meghalt","férfi",70.5,0,0
"729","3.","meghalt","férfi",43,0,0
"730","3.","meghalt","férfi",35,0,0
"731","3.","meghalt","férfi",27,0,0
"732","3.","meghalt","férfi",19,0,0
"733","3.","meghalt","férfi",30,0,0
"734","3.","túlélte","férfi",9,1,1
"735","3.","túlélte","férfi",3,1,1
"736","3.","túlélte","nõ",36,0,2
"737","3.","meghalt","férfi",59,0,0
"738","3.","meghalt","férfi",19,0,0
"739","3.","túlélte","nõ",17,0,1
"740","3.","meghalt","férfi",44,0,1
"741","3.","meghalt","férfi",17,0,0
"742","3.","meghalt","férfi",22.5,0,0
"743","3.","túlélte","férfi",45,0,0
"744","3.","meghalt","nõ",22,0,0
"745","3.","meghalt","férfi",19,0,0
"746","3.","túlélte","nõ",30,0,0
"747","3.","túlélte","férfi",29,0,0
"748","3.","meghalt","férfi",0.333299994,0,2
"749","3.","meghalt","férfi",34,1,1
"750","3.","meghalt","nõ",28,1,1
"751","3.","meghalt","férfi",27,0,0
"752","3.","meghalt","férfi",25,0,0
"753","3.","meghalt","férfi",24,2,0
"754","3.","meghalt","férfi",22,0,0
"755","3.","meghalt","férfi",21,2,0
"756","3.","meghalt","férfi",17,2,0
"757","3.","meghalt","férfi",9999,1,0
"758","3.","túlélte","nõ",9999,1,0
"759","3.","túlélte","férfi",36.5,1,0
"760","3.","túlélte","nõ",36,1,0
"761","3.","túlélte","férfi",30,0,0
"762","3.","meghalt","férfi",16,0,0
"763","3.","túlélte","férfi",1,1,2
"764","3.","túlélte","nõ",0.166700006,1,2
"765","3.","meghalt","férfi",26,1,2
"766","3.","túlélte","nõ",33,1,2
"767","3.","meghalt","férfi",25,0,0
"768","3.","meghalt","férfi",9999,0,0
"769","3.","meghalt","férfi",9999,0,0
"770","3.","meghalt","férfi",22,0,0
"771","3.","meghalt","férfi",36,0,0
"772","3.","túlélte","nõ",19,0,0
"773","3.","meghalt","férfi",17,0,0
"774","3.","meghalt","férfi",42,0,0
"775","3.","meghalt","férfi",43,0,0
"776","3.","meghalt","férfi",9999,0,0
"777","3.","meghalt","férfi",32,0,0
"778","3.","túlélte","férfi",19,0,0
"779","3.","túlélte","nõ",30,0,0
"780","3.","meghalt","nõ",24,0,0
"781","3.","túlélte","nõ",23,0,0
"782","3.","meghalt","férfi",33,0,0
"783","3.","meghalt","férfi",65,0,0
"784","3.","túlélte","férfi",24,0,0
"785","3.","meghalt","férfi",23,1,0
"786","3.","túlélte","nõ",22,1,0
"787","3.","meghalt","férfi",18,0,0
"788","3.","meghalt","férfi",16,0,0
"789","3.","meghalt","férfi",45,0,0
"790","3.","meghalt","férfi",9999,0,0
"791","3.","meghalt","férfi",39,0,2
"792","3.","meghalt","férfi",17,1,1
"793","3.","meghalt","férfi",15,1,1
"794","3.","meghalt","férfi",47,0,0
"795","3.","túlélte","nõ",5,0,0
"796","3.","meghalt","férfi",9999,0,0
"797","3.","meghalt","férfi",40.5,0,0
"798","3.","meghalt","férfi",40.5,0,0
"799","3.","túlélte","férfi",9999,0,0
"800","3.","meghalt","férfi",18,0,0
"801","3.","meghalt","nõ",9999,0,0
"802","3.","meghalt","férfi",9999,0,0
"803","3.","meghalt","férfi",9999,0,0
"804","3.","meghalt","férfi",26,0,0
"805","3.","meghalt","férfi",9999,0,0
"806","3.","túlélte","férfi",9999,0,0
"807","3.","meghalt","nõ",21,2,2
"808","3.","meghalt","nõ",9,2,2
"809","3.","meghalt","férfi",9999,0,0
"810","3.","meghalt","férfi",18,2,2
"811","3.","meghalt","férfi",16,1,3
"812","3.","meghalt","nõ",48,1,3
"813","3.","meghalt","férfi",9999,0,0
"814","3.","meghalt","férfi",9999,0,0
"815","3.","meghalt","férfi",25,0,0
"816","3.","meghalt","férfi",9999,0,0
"817","3.","meghalt","férfi",9999,0,0
"818","3.","meghalt","férfi",22,0,0
"819","3.","túlélte","nõ",16,0,0
"820","3.","túlélte","nõ",9999,0,0
"821","3.","túlélte","férfi",9,0,2
"822","3.","meghalt","férfi",33,1,1
"823","3.","meghalt","férfi",41,0,0
"824","3.","túlélte","nõ",31,1,1
"825","3.","meghalt","férfi",38,0,0
"826","3.","meghalt","férfi",9,5,2
"827","3.","meghalt","férfi",1,5,2
"828","3.","meghalt","férfi",11,5,2
"829","3.","meghalt","nõ",10,5,2
"830","3.","meghalt","nõ",16,5,2
"831","3.","meghalt","férfi",14,5,2
"832","3.","meghalt","férfi",40,1,6
"833","3.","meghalt","nõ",43,1,6
"834","3.","meghalt","férfi",51,0,0
"835","3.","meghalt","férfi",32,0,0
"836","3.","meghalt","férfi",9999,0,0
"837","3.","meghalt","férfi",20,0,0
"838","3.","meghalt","férfi",37,2,0
"839","3.","meghalt","férfi",28,2,0
"840","3.","meghalt","férfi",19,0,0
"841","3.","meghalt","nõ",24,0,0
"842","3.","meghalt","nõ",17,0,0
"843","3.","meghalt","férfi",9999,1,0
"844","3.","meghalt","férfi",9999,1,0
"845","3.","meghalt","férfi",28,1,0
"846","3.","túlélte","nõ",24,1,0
"847","3.","meghalt","férfi",20,0,0
"848","3.","meghalt","férfi",23.5,0,0
"849","3.","meghalt","férfi",41,2,0
"850","3.","meghalt","férfi",26,1,0
"851","3.","meghalt","férfi",21,0,0
"852","3.","túlélte","nõ",45,1,0
"853","3.","meghalt","nõ",9999,0,0
"854","3.","meghalt","férfi",25,0,0
"855","3.","meghalt","férfi",9999,0,0
"856","3.","meghalt","férfi",11,0,0
"857","3.","túlélte","nõ",9999,0,0
"858","3.","túlélte","férfi",27,0,0
"859","3.","túlélte","férfi",9999,0,0
"860","3.","meghalt","nõ",18,0,0
"861","3.","túlélte","nõ",26,0,0
"862","3.","meghalt","nõ",23,0,0
"863","3.","túlélte","nõ",22,0,0
"864","3.","meghalt","férfi",28,0,0
"865","3.","meghalt","nõ",28,0,0
"866","3.","meghalt","nõ",9999,0,0
"867","3.","túlélte","nõ",2,0,1
"868","3.","túlélte","nõ",22,1,1
"869","3.","meghalt","férfi",43,0,0
"870","3.","meghalt","férfi",28,0,0
"871","3.","túlélte","nõ",27,0,0
"872","3.","meghalt","férfi",9999,0,0
"873","3.","túlélte","nõ",9999,0,0
"874","3.","meghalt","férfi",42,0,0
"875","3.","túlélte","férfi",9999,0,0
"876","3.","meghalt","férfi",30,0,0
"877","3.","meghalt","férfi",9999,0,0
"878","3.","meghalt","nõ",27,1,0
"879","3.","meghalt","nõ",25,1,0
"880","3.","meghalt","férfi",9999,0,0
"881","3.","túlélte","férfi",29,0,0
"882","3.","túlélte","férfi",21,0,0
"883","3.","meghalt","férfi",9999,0,0
"884","3.","meghalt","férfi",20,0,0
"885","3.","meghalt","férfi",48,0,0
"886","3.","meghalt","férfi",17,1,0
"887","3.","túlélte","nõ",9999,0,0
"888","3.","túlélte","férfi",9999,0,0
"889","3.","meghalt","férfi",34,0,0
"890","3.","túlélte","férfi",26,0,0
"891","3.","meghalt","férfi",22,0,0
"892","3.","meghalt","férfi",33,0,0
"893","3.","meghalt","férfi",31,0,0
"894","3.","meghalt","férfi",29,0,0
"895","3.","túlélte","férfi",4,1,1
"896","3.","túlélte","nõ",1,1,1
"897","3.","meghalt","férfi",49,0,0
"898","3.","meghalt","férfi",33,0,0
"899","3.","meghalt","férfi",19,0,0
"900","3.","túlélte","nõ",27,0,2
"901","3.","meghalt","férfi",9999,1,2
"902","3.","meghalt","nõ",9999,1,2
"903","3.","meghalt","férfi",9999,1,2
"904","3.","meghalt","nõ",9999,1,2
"905","3.","meghalt","férfi",23,0,0
"906","3.","túlélte","férfi",32,0,0
"907","3.","meghalt","férfi",27,0,0
"908","3.","meghalt","nõ",20,1,0
"909","3.","meghalt","nõ",21,1,0
"910","3.","túlélte","férfi",32,0,0
"911","3.","meghalt","férfi",17,0,0
"912","3.","meghalt","férfi",21,0,0
"913","3.","meghalt","férfi",30,0,0
"914","3.","túlélte","férfi",21,0,0
"915","3.","meghalt","férfi",33,0,0
"916","3.","meghalt","férfi",22,0,0
"917","3.","túlélte","nõ",4,0,1
"918","3.","túlélte","férfi",39,0,1
"919","3.","meghalt","férfi",9999,0,0
"920","3.","meghalt","férfi",18.5,0,0
"921","3.","meghalt","férfi",9999,0,0
"922","3.","meghalt","férfi",9999,0,0
"923","3.","túlélte","nõ",9999,0,0
"924","3.","túlélte","nõ",9999,0,0
"925","3.","meghalt","férfi",34.5,0,0
"926","3.","meghalt","férfi",44,0,0
"927","3.","túlélte","férfi",9999,0,0
"928","3.","meghalt","férfi",9999,1,0
"929","3.","meghalt","nõ",9999,1,0
"930","3.","meghalt","férfi",9999,1,0
"931","3.","meghalt","férfi",9999,1,0
"932","3.","meghalt","férfi",9999,0,0
"933","3.","meghalt","nõ",22,2,0
"934","3.","meghalt","férfi",26,2,0
"935","3.","túlélte","nõ",4,0,2
"936","3.","túlélte","férfi",29,3,1
"937","3.","túlélte","nõ",26,1,1
"938","3.","meghalt","nõ",1,1,1
"939","3.","meghalt","férfi",18,1,1
"940","3.","meghalt","nõ",36,0,2
"941","3.","meghalt","férfi",9999,0,0
"942","3.","túlélte","férfi",25,0,0
"943","3.","meghalt","férfi",9999,0,0
"944","3.","meghalt","nõ",37,0,0
"945","3.","meghalt","férfi",9999,0,0
"946","3.","túlélte","férfi",9999,0,0
"947","3.","meghalt","férfi",9999,0,0
"948","3.","túlélte","nõ",22,0,0
"949","3.","meghalt","férfi",9999,0,0
"950","3.","túlélte","férfi",26,0,0
"951","3.","meghalt","férfi",29,0,0
"952","3.","meghalt","férfi",29,0,0
"953","3.","meghalt","férfi",22,0,0
"954","3.","túlélte","férfi",22,0,0
"955","3.","meghalt","férfi",9999,3,1
"956","3.","meghalt","nõ",9999,3,1
"957","3.","meghalt","nõ",9999,3,1
"958","3.","meghalt","nõ",9999,3,1
"959","3.","meghalt","nõ",9999,0,4
"960","3.","meghalt","férfi",32,0,0
"961","3.","meghalt","férfi",34.5,0,0
"962","3.","meghalt","nõ",9999,1,0
"963","3.","meghalt","férfi",9999,1,0
"964","3.","meghalt","férfi",36,0,0
"965","3.","meghalt","férfi",39,0,0
"966","3.","meghalt","férfi",24,0,0
"967","3.","meghalt","nõ",25,0,0
"968","3.","meghalt","nõ",45,0,0
"969","3.","meghalt","férfi",36,1,0
"970","3.","meghalt","nõ",30,1,0
"971","3.","túlélte","férfi",20,1,0
"972","3.","meghalt","férfi",9999,0,0
"973","3.","meghalt","férfi",28,0,0
"974","3.","meghalt","férfi",9999,0,0
"975","3.","meghalt","férfi",30,1,0
"976","3.","meghalt","nõ",26,1,0
"977","3.","meghalt","férfi",9999,0,0
"978","3.","meghalt","férfi",20.5,0,0
"979","3.","túlélte","férfi",27,0,0
"980","3.","meghalt","férfi",51,0,0
"981","3.","túlélte","nõ",23,0,0
"982","3.","túlélte","férfi",32,0,0
"983","3.","meghalt","férfi",9999,0,0
"984","3.","meghalt","férfi",9999,0,0
"985","3.","túlélte","nõ",9999,0,0
"986","3.","túlélte","férfi",24,0,0
"987","3.","meghalt","férfi",22,0,0
"988","3.","meghalt","nõ",9999,0,0
"989","3.","meghalt","férfi",9999,0,0
"990","3.","meghalt","férfi",9999,0,0
"991","3.","meghalt","férfi",29,0,0
"992","3.","túlélte","férfi",9999,0,0
"993","3.","meghalt","nõ",30.5,0,0
"994","3.","túlélte","nõ",9999,0,0
"995","3.","meghalt","férfi",9999,0,0
"996","3.","meghalt","férfi",35,0,0
"997","3.","meghalt","férfi",33,0,0
"998","3.","túlélte","nõ",9999,0,0
"999","3.","meghalt","férfi",9999,0,0
"1000","3.","túlélte","nõ",9999,0,0
"1001","3.","túlélte","férfi",9999,0,0
"1002","3.","túlélte","nõ",9999,2,0
"1003","3.","túlélte","nõ",9999,2,0
"1004","3.","túlélte","férfi",9999,2,0
"1005","3.","túlélte","nõ",9999,0,0
"1006","3.","meghalt","férfi",9999,0,0
"1007","3.","túlélte","nõ",9999,0,0
"1008","3.","túlélte","nõ",15,0,0
"1009","3.","meghalt","nõ",35,0,0
"1010","3.","meghalt","férfi",9999,0,0
"1011","3.","meghalt","férfi",24,1,0
"1012","3.","meghalt","nõ",19,1,0
"1013","3.","meghalt","nõ",9999,0,0
"1014","3.","meghalt","nõ",9999,0,0
"1015","3.","meghalt","nõ",9999,0,0
"1016","3.","meghalt","férfi",55.5,0,0
"1017","3.","meghalt","férfi",9999,0,0
"1018","3.","túlélte","férfi",21,0,0
"1019","3.","meghalt","férfi",9999,0,0
"1020","3.","meghalt","férfi",24,0,0
"1021","3.","meghalt","férfi",21,0,0
"1022","3.","meghalt","férfi",28,0,0
"1023","3.","meghalt","férfi",9999,0,0
"1024","3.","túlélte","nõ",9999,0,0
"1025","3.","meghalt","férfi",25,0,0
"1026","3.","túlélte","férfi",6,0,1
"1027","3.","túlélte","nõ",27,0,1
"1028","3.","meghalt","férfi",9999,0,0
"1029","3.","túlélte","nõ",9999,1,0
"1030","3.","meghalt","férfi",9999,1,0
"1031","3.","meghalt","férfi",9999,0,0
"1032","3.","meghalt","férfi",34,0,0
"1033","3.","meghalt","férfi",9999,0,0
"1034","3.","túlélte","férfi",9999,0,0
"1035","3.","túlélte","férfi",9999,1,1
"1036","3.","túlélte","férfi",9999,1,1
"1037","3.","túlélte","nõ",9999,0,2
"1038","3.","túlélte","nõ",9999,0,0
"1039","3.","meghalt","férfi",9999,0,0
"1040","3.","túlélte","nõ",9999,0,0
"1041","3.","túlélte","nõ",24,0,0
"1042","3.","meghalt","férfi",9999,0,0
"1043","3.","túlélte","nõ",9999,1,0
"1044","3.","túlélte","nõ",9999,1,0
"1045","3.","túlélte","nõ",9999,0,0
"1046","3.","meghalt","férfi",18,0,0
"1047","3.","meghalt","férfi",22,0,0
"1048","3.","túlélte","nõ",15,0,0
"1049","3.","túlélte","nõ",1,0,2
"1050","3.","túlélte","férfi",20,1,1
"1051","3.","túlélte","nõ",19,1,1
"1052","3.","meghalt","férfi",33,0,0
"1053","3.","meghalt","férfi",9999,0,0
"1054","3.","meghalt","férfi",9999,0,0
"1055","3.","meghalt","nõ",9999,0,0
"1056","3.","meghalt","férfi",9999,0,0
"1057","3.","túlélte","férfi",12,1,0
"1058","3.","túlélte","nõ",14,1,0
"1059","3.","meghalt","nõ",29,0,0
"1060","3.","meghalt","férfi",28,0,0
"1061","3.","túlélte","nõ",18,0,0
"1062","3.","túlélte","nõ",26,0,0
"1063","3.","meghalt","férfi",21,0,0
"1064","3.","meghalt","férfi",41,0,0
"1065","3.","túlélte","férfi",39,0,0
"1066","3.","meghalt","férfi",21,0,0
"1067","3.","meghalt","férfi",28.5,0,0
"1068","3.","túlélte","nõ",22,0,0
"1069","3.","meghalt","férfi",61,0,0
"1070","3.","meghalt","férfi",9999,1,0
"1071","3.","meghalt","férfi",9999,0,0
"1072","3.","túlélte","nõ",9999,1,0
"1073","3.","meghalt","férfi",9999,0,0
"1074","3.","meghalt","férfi",9999,0,0
"1075","3.","meghalt","férfi",9999,0,0
"1076","3.","meghalt","férfi",23,0,0
"1077","3.","meghalt","nõ",9999,0,0
"1078","3.","túlélte","nõ",9999,0,0
"1079","3.","túlélte","nõ",9999,0,0
"1080","3.","túlélte","nõ",22,0,0
"1081","3.","túlélte","férfi",9999,0,0
"1082","3.","túlélte","nõ",9999,0,0
"1083","3.","túlélte","férfi",9,0,1
"1084","3.","meghalt","férfi",28,0,0
"1085","3.","meghalt","férfi",42,0,1
"1086","3.","meghalt","férfi",9999,0,0
"1087","3.","meghalt","nõ",31,0,0
"1088","3.","meghalt","férfi",28,0,0
"1089","3.","túlélte","férfi",32,0,0
"1090","3.","meghalt","férfi",20,0,0
"1091","3.","meghalt","nõ",23,0,0
"1092","3.","meghalt","nõ",20,0,0
"1093","3.","meghalt","férfi",20,0,0
"1094","3.","meghalt","férfi",16,0,0
"1095","3.","túlélte","nõ",31,0,0
"1096","3.","meghalt","nõ",9999,0,0
"1097","3.","meghalt","férfi",2,3,1
"1098","3.","meghalt","férfi",6,3,1
"1099","3.","meghalt","nõ",3,3,1
"1100","3.","meghalt","nõ",8,3,1
"1101","3.","meghalt","nõ",29,0,4
"1102","3.","meghalt","férfi",1,4,1
"1103","3.","meghalt","férfi",7,4,1
"1104","3.","meghalt","férfi",2,4,1
"1105","3.","meghalt","férfi",16,4,1
"1106","3.","meghalt","férfi",14,4,1
"1107","3.","meghalt","nõ",41,0,5
"1108","3.","meghalt","férfi",21,0,0
"1109","3.","meghalt","férfi",19,0,0
"1110","3.","meghalt","férfi",9999,0,0
"1111","3.","meghalt","férfi",32,0,0
"1112","3.","meghalt","férfi",0.75,1,1
"1113","3.","meghalt","nõ",3,1,1
"1114","3.","meghalt","nõ",26,0,2
"1115","3.","meghalt","férfi",9999,0,0
"1116","3.","meghalt","férfi",9999,0,0
"1117","3.","meghalt","férfi",9999,0,0
"1118","3.","meghalt","férfi",21,0,0
"1119","3.","meghalt","férfi",25,0,0
"1120","3.","meghalt","férfi",22,0,0
"1121","3.","túlélte","férfi",25,1,0
"1122","3.","túlélte","férfi",9999,1,1
"1123","3.","túlélte","nõ",9999,1,1
"1124","3.","túlélte","nõ",9999,0,2
"1125","3.","meghalt","nõ",9999,0,0
"1126","3.","meghalt","férfi",24,0,0
"1127","3.","meghalt","nõ",28,0,0
"1128","3.","meghalt","férfi",19,0,0
"1129","3.","meghalt","férfi",9999,0,0
"1130","3.","meghalt","férfi",25,1,0
"1131","3.","meghalt","nõ",18,0,0
"1132","3.","túlélte","férfi",32,0,0
"1133","3.","meghalt","férfi",9999,0,0
"1134","3.","meghalt","férfi",17,0,0
"1135","3.","meghalt","férfi",24,0,0
"1136","3.","meghalt","férfi",9999,0,0
"1137","3.","meghalt","nõ",9999,0,0
"1138","3.","meghalt","férfi",9999,0,0
"1139","3.","meghalt","férfi",9999,0,0
"1140","3.","meghalt","férfi",38,0,0
"1141","3.","meghalt","férfi",21,0,0
"1142","3.","meghalt","férfi",10,4,1
"1143","3.","meghalt","férfi",4,4,1
"1144","3.","meghalt","férfi",7,4,1
"1145","3.","meghalt","férfi",2,4,1
"1146","3.","meghalt","férfi",8,4,1
"1147","3.","meghalt","nõ",39,0,5
"1148","3.","meghalt","nõ",22,0,0
"1149","3.","meghalt","férfi",35,0,0
"1150","3.","túlélte","nõ",9999,0,0
"1151","3.","meghalt","férfi",9999,0,0
"1152","3.","meghalt","nõ",9999,0,0
"1153","3.","meghalt","férfi",50,1,0
"1154","3.","meghalt","nõ",47,1,0
"1155","3.","meghalt","férfi",9999,0,0
"1156","3.","meghalt","férfi",9999,0,0
"1157","3.","meghalt","nõ",2,1,1
"1158","3.","meghalt","férfi",18,1,1
"1159","3.","meghalt","nõ",41,0,2
"1160","3.","túlélte","nõ",9999,0,0
"1161","3.","meghalt","férfi",50,0,0
"1162","3.","meghalt","férfi",16,0,0
"1163","3.","túlélte","férfi",9999,0,0
"1164","3.","meghalt","férfi",9999,0,0
"1165","3.","meghalt","férfi",9999,0,0
"1166","3.","meghalt","férfi",25,0,0
"1167","3.","meghalt","férfi",9999,0,0
"1168","3.","meghalt","férfi",9999,0,0
"1169","3.","meghalt","férfi",9999,0,0
"1170","3.","meghalt","férfi",38.5,0,0
"1171","3.","meghalt","férfi",9999,8,2
"1172","3.","meghalt","férfi",14.5,8,2
"1173","3.","meghalt","nõ",9999,8,2
"1174","3.","meghalt","nõ",9999,8,2
"1175","3.","meghalt","nõ",9999,8,2
"1176","3.","meghalt","nõ",9999,8,2
"1177","3.","meghalt","férfi",9999,8,2
"1178","3.","meghalt","férfi",9999,8,2
"1179","3.","meghalt","férfi",9999,8,2
"1180","3.","meghalt","férfi",9999,1,9
"1181","3.","meghalt","nõ",9999,1,9
"1182","3.","meghalt","férfi",24,0,0
"1183","3.","túlélte","nõ",21,0,0
"1184","3.","meghalt","férfi",39,0,0
"1185","3.","meghalt","férfi",9999,2,0
"1186","3.","meghalt","férfi",9999,2,0
"1187","3.","meghalt","férfi",9999,2,0
"1188","3.","túlélte","nõ",1,1,1
"1189","3.","túlélte","nõ",24,0,2
"1190","3.","túlélte","nõ",4,1,1
"1191","3.","túlélte","férfi",25,0,0
"1192","3.","meghalt","férfi",20,0,0
"1193","3.","meghalt","férfi",24.5,0,0
"1194","3.","meghalt","férfi",9999,0,0
"1195","3.","meghalt","férfi",9999,0,0
"1196","3.","meghalt","férfi",9999,0,0
"1197","3.","túlélte","férfi",29,0,0
"1198","3.","meghalt","férfi",9999,0,0
"1199","3.","túlélte","nõ",9999,0,0
"1200","3.","meghalt","férfi",9999,0,0
"1201","3.","meghalt","férfi",9999,0,0
"1202","3.","meghalt","férfi",22,0,0
"1203","3.","meghalt","férfi",9999,0,0
"1204","3.","meghalt","férfi",40,0,0
"1205","3.","meghalt","férfi",21,0,0
"1206","3.","túlélte","nõ",18,0,0
"1207","3.","meghalt","férfi",4,3,2
"1208","3.","meghalt","férfi",10,3,2
"1209","3.","meghalt","nõ",9,3,2
"1210","3.","meghalt","nõ",2,3,2
"1211","3.","meghalt","férfi",40,1,4
"1212","3.","meghalt","nõ",45,1,4
"1213","3.","meghalt","férfi",9999,0,0
"1214","3.","meghalt","férfi",9999,0,0
"1215","3.","meghalt","férfi",9999,0,0
"1216","3.","meghalt","férfi",9999,0,0
"1217","3.","túlélte","nõ",9999,0,0
"1218","3.","meghalt","férfi",19,0,0
"1219","3.","meghalt","férfi",30,0,0
"1220","3.","meghalt","férfi",9999,0,0
"1221","3.","meghalt","férfi",32,0,0
"1222","3.","meghalt","férfi",9999,0,0
"1223","3.","meghalt","férfi",33,0,0
"1224","3.","túlélte","nõ",23,0,0
"1225","3.","meghalt","férfi",21,0,0
"1226","3.","meghalt","férfi",60.5,0,0
"1227","3.","meghalt","férfi",19,0,0
"1228","3.","meghalt","nõ",22,0,0
"1229","3.","túlélte","férfi",31,0,0
"1230","3.","meghalt","férfi",27,0,0
"1231","3.","meghalt","nõ",2,0,1
"1232","3.","meghalt","nõ",29,1,1
"1233","3.","túlélte","férfi",16,0,0
"1234","3.","túlélte","férfi",44,0,0
"1235","3.","meghalt","férfi",25,0,0
"1236","3.","meghalt","férfi",74,0,0
"1237","3.","túlélte","férfi",14,0,0
"1238","3.","meghalt","férfi",24,0,0
"1239","3.","túlélte","férfi",25,0,0
"1240","3.","meghalt","férfi",34,0,0
"1241","3.","túlélte","férfi",0.416700006,0,1
"1242","3.","meghalt","férfi",9999,1,0
"1243","3.","meghalt","férfi",9999,0,0
"1244","3.","meghalt","férfi",9999,0,0
"1245","3.","túlélte","nõ",16,1,1
"1246","3.","meghalt","férfi",9999,0,0
"1247","3.","meghalt","férfi",9999,1,0
"1248","3.","túlélte","nõ",9999,1,0
"1249","3.","meghalt","férfi",32,0,0
"1250","3.","meghalt","férfi",9999,0,0
"1251","3.","meghalt","férfi",9999,0,0
"1252","3.","meghalt","férfi",30.5,0,0
"1253","3.","meghalt","férfi",44,0,0
"1254","3.","meghalt","férfi",9999,0,0
"1255","3.","túlélte","férfi",25,0,0
"1256","3.","meghalt","férfi",9999,0,0
"1257","3.","túlélte","férfi",7,1,1
"1258","3.","túlélte","nõ",9,1,1
"1259","3.","túlélte","nõ",29,0,2
"1260","3.","meghalt","férfi",36,0,0
"1261","3.","túlélte","nõ",18,0,0
"1262","3.","túlélte","nõ",63,0,0
"1263","3.","meghalt","férfi",9999,1,1
"1264","3.","meghalt","férfi",11.5,1,1
"1265","3.","meghalt","férfi",40.5,0,2
"1266","3.","meghalt","nõ",10,0,2
"1267","3.","meghalt","férfi",36,1,1
"1268","3.","meghalt","nõ",30,1,1
"1269","3.","meghalt","férfi",9999,0,0
"1270","3.","meghalt","férfi",33,0,0
"1271","3.","meghalt","férfi",28,0,0
"1272","3.","meghalt","férfi",28,0,0
"1273","3.","meghalt","férfi",47,0,0
"1274","3.","meghalt","nõ",18,2,0
"1275","3.","meghalt","férfi",31,3,0
"1276","3.","meghalt","férfi",16,2,0
"1277","3.","meghalt","nõ",31,1,0
"1278","3.","túlélte","férfi",22,0,0
"1279","3.","meghalt","férfi",20,0,0
"1280","3.","meghalt","nõ",14,0,0
"1281","3.","meghalt","férfi",22,0,0
"1282","3.","meghalt","férfi",22,0,0
"1283","3.","meghalt","férfi",9999,0,0
"1284","3.","meghalt","férfi",9999,0,0
"1285","3.","meghalt","férfi",9999,0,0
"1286","3.","meghalt","férfi",32.5,0,0
"1287","3.","túlélte","nõ",38,0,0
"1288","3.","meghalt","férfi",51,0,0
"1289","3.","meghalt","férfi",18,1,0
"1290","3.","meghalt","férfi",21,1,0
"1291","3.","túlélte","nõ",47,1,0
"1292","3.","meghalt","férfi",9999,0,0
"1293","3.","meghalt","férfi",9999,0,0
"1294","3.","meghalt","férfi",9999,0,0
"1295","3.","meghalt","férfi",28.5,0,0
"1296","3.","meghalt","férfi",21,0,0
"1297","3.","meghalt","férfi",27,0,0
"1298","3.","meghalt","férfi",9999,0,0
"1299","3.","meghalt","férfi",36,0,0
"1300","3.","meghalt","férfi",27,1,0
"1301","3.","túlélte","nõ",15,1,0
"1302","3.","meghalt","férfi",45.5,0,0
"1303","3.","meghalt","férfi",9999,0,0
"1304","3.","meghalt","férfi",9999,0,0
"1305","3.","meghalt","nõ",14.5,1,0
"1306","3.","meghalt","nõ",9999,1,0
"1307","3.","meghalt","férfi",26.5,0,0
"1308","3.","meghalt","férfi",27,0,0
"1309","3.","meghalt","férfi",29,0,0
